{
	"wheel_name": "KratosChimeraApplication",
	"included_modules": ["ChimeraApplication"],
	"included_binaries": ["KratosChimeraApplication.*", "KratosChimeraCore.*", "libKratosChimeraCore.*"],
    "excluded_binaries": [],
	"dependencies": ["KratosMultiphysics==${KRATOS_VERSION}"],
	"author": "Kratos Team",
	"author_email": "kratos@listas.cimne.upc.edu",
	"description": "KRATOS Multiphysics (\"Kratos\") is a framework for building parallel, multi-disciplinary simulation software, aiming at modularity, extensibility, and high performance. Kratos is written in C++, and counts with an extensive Python interface.",
	"readme": "applications/ChimeraApplication/README.md"
}
